Date,Campaign type,Impressions,Clicks,Cost,Conversions,Revenue
01-01-2024,Audience,9132,50,26.8,0,0
01-01-2024,Performance max,897,9,7,0,0
01-01-2024,Search & content,95977,561,846.5,1,168.8
01-01-2024,Shopping,59860,343,215.2,1,143.5
02-01-2024,Audience,9926,49,25.9,0,0
02-01-2024,Performance max,1036,16,11.5,0,0
02-01-2024,Search & content,128379,560,948.8,0,0
02-01-2024,Shopping,80751,370,198.8,1,140.2
03-01-2024,Audience,7613,48,24.1,0,0
03-01-2024,Performance max,484,6,1.1,0,0
03-01-2024,Search & content,130300,596,958.9,2,325.8
03-01-2024,Shopping,81301,384,214,0,0
04-01-2024,Audience,9176,44,24.3,0,0
04-01-2024,Performance max,389,7,2.5,0,0
04-01-2024,Search & content,157220,614,973,1,148.3
04-01-2024,Shopping,80960,398,211.4,0,0
05-01-2024,Audience,10253,44,24.7,0,0
05-01-2024,Performance max,1097,12,13.7,0,0
05-01-2024,Search & content,147500,539,942.7,4,544.7
05-01-2024,Shopping,86438,423,207.4,1,99.9
06-01-2024,Audience,9330,44,23.6,0,0
06-01-2024,Performance max,924,14,8.8,0,0
06-01-2024,Search & content,119564,579,908,3,290.2
06-01-2024,Shopping,61323,348,153.5,0,0
07-01-2024,Audience,14104,48,24.7,0,0
07-01-2024,Performance max,715,8,8,0,0
07-01-2024,Search & content,119714,577,874.6,3,294.1
07-01-2024,Shopping,49360,363,155.9,1,174.3
08-01-2024,Audience,7622,49,26.5,0,0
08-01-2024,Performance max,475,4,2.8,0,0
08-01-2024,Search & content,140592,564,921.7,4,720
08-01-2024,Shopping,86737,452,213,0,0
09-01-2024,Audience,8048,44,24.1,1,206.4
09-01-2024,Performance max,224,4,1.3,0,0
09-01-2024,Search & content,154420,549,931.7,8,1473.3
09-01-2024,Shopping,83938,476,227.4,9,1078.8
10-01-2024,Audience,9464,45,25.2,0,0
10-01-2024,Performance max,224,4,1.2,0,0
10-01-2024,Search & content,136175,546,1013.9,13,2448.4
10-01-2024,Shopping,89000,466,221.3,8,1494.8
11-01-2024,Audience,9760,45,25.1,0,0
11-01-2024,Performance max,345,2,1.1,1,134.9
11-01-2024,Search & content,159518,544,955.8,12,1407
11-01-2024,Shopping,86712,471,218,7,1088.1
12-01-2024,Audience,8992,47,25.1,1,238.4
12-01-2024,Performance max,234,2,1,0,0
12-01-2024,Search & content,143674,555,949.3,10,2015.6
12-01-2024,Shopping,97318,424,208.2,6,981.6
13-01-2024,Audience,11192,47,24.9,0,0
13-01-2024,Performance max,135,1,0,0,0
13-01-2024,Search & content,101775,553,923.8,8,948.9
13-01-2024,Shopping,72638,431,156.2,12,2290.5
14-01-2024,Audience,6320,48,25.7,0,0
14-01-2024,Performance max,121,1,0.1,0,0
14-01-2024,Search & content,102287,563,928.1,4,559.6
14-01-2024,Shopping,75138,403,151.8,4,474.7
15-01-2024,Audience,9786,49,26.3,0,0
15-01-2024,Performance max,44,0,0,0,0
15-01-2024,Search & content,140292,497,918,8,1539.4
15-01-2024,Shopping,88521,428,213.6,7,1141.6
16-01-2024,Audience,9856,47,25.8,0,0
16-01-2024,Performance max,48,0,0,0,0
16-01-2024,Search & content,158663,549,933,13,1671.8
16-01-2024,Shopping,91778,451,220.2,12,1768.4
17-01-2024,Audience,11279,48,25.6,1,273.5
17-01-2024,Performance max,88,5,0.6,0,0
17-01-2024,Search & content,152332,482,903.5,20,3805
17-01-2024,Shopping,98901,447,223.6,7,1070.5
18-01-2024,Audience,6678,44,22,0,0
18-01-2024,Performance max,155,4,1.4,0,0
18-01-2024,Search & content,159325,515,922.7,12,1444.4
18-01-2024,Shopping,89021,428,225.4,11,2297.2
19-01-2024,Audience,10216,42,21.7,0,0
19-01-2024,Performance max,50,2,0.3,0,0
19-01-2024,Search & content,152613,519,915.6,6,958.3
19-01-2024,Shopping,84106,412,235.2,9,1636.4
20-01-2024,Audience,10364,40,22.6,1,210.3
20-01-2024,Performance max,20,0,0,0,0
20-01-2024,Search & content,106039,568,882.6,5,592.8
20-01-2024,Shopping,72902,412,154.3,8,1338.5
21-01-2024,Audience,7485,42,22.4,0,0
21-01-2024,Performance max,1,0,0,0,0
21-01-2024,Search & content,104857,616,904.5,8,1084.9
21-01-2024,Shopping,97652,431,166,7,1092.6
22-01-2024,Audience,10126,39,21.7,0,0
22-01-2024,Search & content,125216,556,937.6,17,2562.1
22-01-2024,Shopping,298165,1340,561.6,8,1093.5
23-01-2024,Audience,11701,41,21.9,0,0
23-01-2024,Search & content,148898,605,973.2,15,2663.5
23-01-2024,Shopping,338147,1290,596.8,4,702
24-01-2024,Audience,9485,40,21.6,0,0
24-01-2024,Performance max,1,0,0,0,0
24-01-2024,Search & content,125444,629,989.1,12,1990.8
24-01-2024,Shopping,356781,1228,610.4,4,772
25-01-2024,Audience,9916,43,22.8,0,0
25-01-2024,Search & content,148385,655,990.8,15,2829.7
25-01-2024,Shopping,400462,1384,730.6,4,539.6
26-01-2024,Audience,9584,44,23.5,0,0
26-01-2024,Performance max,1,0,0,0,0
26-01-2024,Search & content,144807,612,961.7,11,1238.6
26-01-2024,Shopping,259856,852,431.9,8,1383.1
27-01-2024,Audience,6973,40,23,0,0
27-01-2024,Search & content,103390,678,930.4,4,419.6
27-01-2024,Shopping,98093,431,189.7,3,463.6
28-01-2024,Audience,9703,39,20.4,0,0
28-01-2024,Search & content,110719,740,961.6,4,762
28-01-2024,Shopping,86299,411,176.9,2,229
29-01-2024,Audience,9777,43,23,1,191.9
29-01-2024,Performance max,0,0,0,0,0
29-01-2024,Search & content,141098,623,979.1,12,1633.1
29-01-2024,Shopping,136726,506,323.1,8,1425.4
30-01-2024,Audience,7575,37,20.4,0,0
30-01-2024,Performance max,30,1,0.1,2,193.2
30-01-2024,Search & content,142916,617,939.6,17,3092.9
30-01-2024,Shopping,129383,488,302.5,12,1597.5
31-01-2024,Audience,6422,28,15.1,0,0
31-01-2024,Performance max,2,0,0,0,0
31-01-2024,Search & content,125734,592,862.2,14,2013.5
31-01-2024,Shopping,139778,505,281.4,5,627.8
01-02-2024,Audience,9987,43,23.2,0,0
01-02-2024,Search & content,128332,611,982.3,15,3027.6
01-02-2024,Shopping,161902,523,317,8,890.6
02-02-2024,Audience,13544,45,24,0,0
02-02-2024,Search & content,120566,568,957.4,18,3542.1
02-02-2024,Shopping,144192,504,335.9,5,744.6
03-02-2024,Audience,12528,48,26.1,0,0
03-02-2024,Performance max,153,3,1,1,148.5
03-02-2024,Search & content,100119,736,1008.3,10,1694.7
03-02-2024,Shopping,102580,437,190.9,1,158.5
04-02-2024,Audience,7652,46,25.8,0,0
04-02-2024,Performance max,109,0,0,0,0
04-02-2024,Search & content,105339,725,971.9,5,661.7
04-02-2024,Shopping,92545,492,198.9,8,1544.9
05-02-2024,Audience,14140,52,27.3,0,0
05-02-2024,Performance max,338,4,2.5,0,0
05-02-2024,Search & content,134735,614,999.6,18,2457.4
05-02-2024,Shopping,135271,517,315.6,6,1053.6
06-02-2024,Audience,13652,48,25.2,0,0
06-02-2024,Performance max,2448,25,21.9,1,132.9
06-02-2024,Search & content,145188,605,1025.1,15,2439
06-02-2024,Shopping,122472,453,261.3,8,1323.5
07-02-2024,Audience,11217,52,27.9,1,231.8
07-02-2024,Performance max,2411,11,14.2,0,0
07-02-2024,Search & content,141631,620,1046.5,24,3562
07-02-2024,Shopping,120713,464,273,8,1297.1
08-02-2024,Audience,13340,48,26.4,0,0
08-02-2024,Performance max,524,3,1.6,0,0
08-02-2024,Search & content,140787,623,1019.3,25,5189.9
08-02-2024,Shopping,134646,480,308.3,4,542.5
09-02-2024,Audience,9484,51,27.4,0,0
09-02-2024,Performance max,570,8,5.7,0,0
09-02-2024,Search & content,126386,572,1021.2,13,1852.4
09-02-2024,Shopping,122915,451,281.2,5,959.7
10-02-2024,Audience,13781,52,26.5,0,0
10-02-2024,Performance max,1902,10,10,1,136.2
10-02-2024,Search & content,94932,583,811.1,5,679
10-02-2024,Shopping,73794,353,177.1,4,602.6
11-02-2024,Audience,8361,48,25.9,0,0
11-02-2024,Performance max,1771,7,6.7,0,0
11-02-2024,Search & content,96108,585,890.7,11,1233
11-02-2024,Shopping,75065,360,179.2,4,645.4
12-02-2024,Audience,10667,51,27.5,0,0
12-02-2024,Performance max,2861,28,34.2,2,230.8
12-02-2024,Search & content,135428,588,1012.8,20,3892.3
12-02-2024,Shopping,137542,454,274.4,10,1563.2
13-02-2024,Audience,9140,51,27.8,0,0
13-02-2024,Performance max,3095,23,25,0,0
13-02-2024,Search & content,129862,565,998.6,15,1939.4
13-02-2024,Shopping,112795,442,250.6,6,821.9
14-02-2024,Audience,11990,49,26.9,0,0
14-02-2024,Performance max,2730,12,16,0,0
14-02-2024,Search & content,129188,584,946.8,12,2046.2
14-02-2024,Shopping,73268,344,224.2,7,856.7
15-02-2024,Audience,10872,51,26.4,0,0
15-02-2024,Performance max,467,4,2.3,0,0
15-02-2024,Search & content,125481,576,1077.6,19,3178.5
15-02-2024,Shopping,76336,337,234.3,6,764.2
16-02-2024,Audience,9671,46,24.8,0,0
16-02-2024,Performance max,325,3,2.5,0,0
16-02-2024,Search & content,116908,628,993.3,9,1244.6
16-02-2024,Shopping,79430,311,226.6,6,1239.6
17-02-2024,Audience,7896,46,24.2,0,0
17-02-2024,Performance max,409,4,2.7,0,0
17-02-2024,Search & content,92178,623,880.8,4,610
17-02-2024,Shopping,50438,264,131.4,6,1045.6
18-02-2024,Audience,9538,48,26.5,0,0
18-02-2024,Performance max,754,7,5.3,1,88.1
18-02-2024,Search & content,68438,397,608,7,1297.9
18-02-2024,Shopping,46682,292,141.3,8,1326.6
19-02-2024,Audience,9627,48,25.7,0,0
19-02-2024,Performance max,744,9,4.8,0,0
19-02-2024,Search & content,104063,439,754.3,12,1512.2
19-02-2024,Shopping,61483,320,218.8,4,501.4
20-02-2024,Audience,8492,44,23.7,0,0
20-02-2024,Performance max,3865,25,30.9,0,0
20-02-2024,Search & content,128250,608,1129.8,12,2477.3
20-02-2024,Shopping,59748,272,204.1,5,771.4
21-02-2024,Audience,12728,44,24,0,0
21-02-2024,Performance max,3682,25,42.7,1,102.1
21-02-2024,Search & content,126521,556,1116.7,10,1872.5
21-02-2024,Shopping,60924,318,222.3,1,132
22-02-2024,Audience,9583,52,26.2,0,0
22-02-2024,Performance max,3845,18,29.8,0,0
22-02-2024,Search & content,124080,566,1074.1,14,1787.1
22-02-2024,Shopping,57212,325,227.7,11,1901.6
23-02-2024,Audience,9084,46,24.7,0,0
23-02-2024,Performance max,3551,22,31.2,0,0
23-02-2024,Search & content,106736,534,1041,9,1004.4
23-02-2024,Shopping,65841,330,246,7,784.3
24-02-2024,Audience,5457,45,23.1,0,0
24-02-2024,Performance max,3388,28,45.2,0,0
24-02-2024,Search & content,85931,549,864.7,4,519.6
24-02-2024,Shopping,40951,244,121.1,11,1410.3
25-02-2024,Audience,5796,44,24,0,0
25-02-2024,Performance max,4481,32,48.4,0,0
25-02-2024,Search & content,91093,529,833,4,732.4
25-02-2024,Shopping,40600,276,132.3,8,1258.6
26-02-2024,Audience,6637,48,25.2,0,0
26-02-2024,Performance max,1693,12,13.2,1,146.1
26-02-2024,Search & content,108148,549,988.9,20,2400
26-02-2024,Shopping,64028,334,242,4,626
27-02-2024,Audience,8172,44,23.5,0,0
27-02-2024,Performance max,1153,7,5.5,0,0
27-02-2024,Search & content,147401,568,975.4,20,3230.3
27-02-2024,Shopping,64374,342,226.7,8,995.2
28-02-2024,Audience,10009,40,21.3,0,0
28-02-2024,Performance max,931,12,9.4,0,0
28-02-2024,Search & content,138957,578,972.8,14,1994.8
28-02-2024,Shopping,86940,389,265.8,6,974.3
29-02-2024,Audience,6223,38,20.2,0,0
29-02-2024,Performance max,908,7,4.7,0,0
29-02-2024,Search & content,121566,600,1036.9,15,1929.4
29-02-2024,Shopping,101774,396,226.8,9,1744.5
01-03-2024,Audience,9088,44,24.9,0,0
01-03-2024,Performance max,556,10,5.9,1,117.9
01-03-2024,Search & content,103841,563,952.8,20,2671
01-03-2024,Shopping,69349,334,197.6,7,1325.7
02-03-2024,Audience,9920,51,27.8,1,253.2
02-03-2024,Performance max,182,4,1.5,0,0
02-03-2024,Search & content,89383,540,928.2,7,825.2
02-03-2024,Shopping,54821,260,132.8,4,761.2
03-03-2024,Audience,7540,48,27,1,207.8
03-03-2024,Performance max,272,3,1.5,0,0
03-03-2024,Search & content,89215,555,806.4,4,534.2
03-03-2024,Shopping,57341,285,137.7,5,656.7
04-03-2024,Audience,7852,46,25.2,0,0
04-03-2024,Performance max,704,14,7.8,0,0
04-03-2024,Search & content,130061,612,968.6,16,2045.3
04-03-2024,Shopping,64113,297,185.4,8,1419.5
05-03-2024,Audience,9776,47,24.4,0,0
05-03-2024,Performance max,572,8,5.3,0,0
05-03-2024,Search & content,127268,596,1025,14,1713.2
05-03-2024,Shopping,57068,280,183,10,1276.5
06-03-2024,Audience,7699,43,23.3,0,0
06-03-2024,Performance max,400,1,0.1,0,0
06-03-2024,Search & content,124412,646,994.6,15,2522.1
06-03-2024,Shopping,67137,272,197,8,1427.5
07-03-2024,Audience,9079,49,24.6,0,0
07-03-2024,Performance max,656,5,2.2,0,0
07-03-2024,Search & content,131960,613,1042,22,3993.5
07-03-2024,Shopping,63597,308,191.4,6,899.9
08-03-2024,Audience,12804,49,24.1,1,215
08-03-2024,Performance max,680,8,6.6,1,145.6
08-03-2024,Search & content,104673,572,942.8,6,766.1
08-03-2024,Shopping,68995,299,193.9,11,2130
09-03-2024,Audience,6497,44,23.4,0,0
09-03-2024,Performance max,648,8,4.7,1,111.1
09-03-2024,Search & content,84320,592,798.2,4,692.9
09-03-2024,Shopping,49485,249,118.3,4,614.7
10-03-2024,Audience,6128,44,23.4,0,0
10-03-2024,Performance max,414,4,2.3,0,0
10-03-2024,Search & content,75034,548,735.7,8,1396.3
10-03-2024,Shopping,43348,226,117.7,3,401.7
11-03-2024,Audience,7580,42,23.1,1,196
11-03-2024,Performance max,1685,9,5.3,0,0
11-03-2024,Search & content,121518,571,928.6,17,2385.4
11-03-2024,Shopping,59276,287,194.3,5,879.1
12-03-2024,Audience,7189,45,23.3,0,0
12-03-2024,Performance max,1420,15,10.7,0,0
12-03-2024,Search & content,122935,559,875.1,18,2992.1
12-03-2024,Shopping,65972,262,180.8,12,2479.2
13-03-2024,Audience,7907,44,23.3,0,0
13-03-2024,Performance max,1787,17,18.1,0,0
13-03-2024,Search & content,124848,524,871.1,13,1514.6
13-03-2024,Shopping,93783,286,205.8,9,1758.2
14-03-2024,Audience,7538,44,23.2,0,0
14-03-2024,Performance max,1407,13,11.3,0,0
14-03-2024,Search & content,106185,624,1026.4,16,2903.9
14-03-2024,Shopping,67539,285,191.9,10,1798.1
15-03-2024,Audience,8472,44,22.9,0,0
15-03-2024,Performance max,348,5,1.3,0,0
15-03-2024,Search & content,118752,512,835.5,9,1760.5
15-03-2024,Shopping,53826,256,184.8,3,470.4
16-03-2024,Audience,6152,48,24.6,0,0
16-03-2024,Performance max,223,1,0,0,0
16-03-2024,Search & content,83743,546,790.1,7,766.8
16-03-2024,Shopping,44153,219,115.4,6,767
17-03-2024,Audience,7581,48,24.4,1,286
17-03-2024,Performance max,200,2,0.4,0,0
17-03-2024,Search & content,77900,544,693.9,4,654.5
17-03-2024,Shopping,33774,222,121.9,4,467.4
18-03-2024,Audience,11825,47,23.7,0,0
18-03-2024,Performance max,362,2,0.6,0,0
18-03-2024,Search & content,98083,470,871.5,14,2249.7
18-03-2024,Shopping,64360,253,194,8,962.9
19-03-2024,Audience,7623,46,23.8,0,0
19-03-2024,Performance max,315,2,1.1,1,135.3
19-03-2024,Search & content,107002,586,1044.6,16,2470.7
19-03-2024,Shopping,77059,286,223.2,8,1175.4
20-03-2024,Audience,7199,44,23,0,0
20-03-2024,Performance max,518,13,2.8,1,95.4
20-03-2024,Search & content,55964,457,661.7,15,2911.9
20-03-2024,Shopping,64130,256,186.3,5,777.2
21-03-2024,Audience,6755,44,23.2,3,610.7
21-03-2024,Performance max,472,0,0,0,0
21-03-2024,Search & content,61769,465,588.1,10,1649.5
21-03-2024,Shopping,69289,249,182.9,6,710.2
22-03-2024,Audience,6544,46,24.3,0,0
22-03-2024,Performance max,440,6,2.8,0,0
22-03-2024,Search & content,45851,420,607,9,1096.2
22-03-2024,Shopping,62694,252,170.2,8,1481.8
23-03-2024,Audience,8274,46,23.1,0,0
23-03-2024,Performance max,391,8,5.1,0,0
23-03-2024,Search & content,41920,421,375.8,3,416.4
23-03-2024,Shopping,42452,182,106.1,8,1739.3
24-03-2024,Audience,7920,41,22.9,0,0
24-03-2024,Performance max,730,11,7.4,0,0
24-03-2024,Search & content,42850,416,428.3,4,502.3
24-03-2024,Shopping,45698,221,110.7,4,396.1
25-03-2024,Audience,8623,47,22.7,0,0
25-03-2024,Performance max,883,7,5.1,0,0
25-03-2024,Search & content,111337,511,647.4,17,2193.7
25-03-2024,Shopping,70187,291,186.6,6,879.3
26-03-2024,Audience,8502,42,22.7,0,0
26-03-2024,Performance max,1120,12,11.4,0,0
26-03-2024,Search & content,68149,463,566.3,12,1751.1
26-03-2024,Shopping,65652,258,191.6,5,1012
27-03-2024,Audience,8759,45,22.2,0,0
27-03-2024,Performance max,1078,14,11.1,0,0
27-03-2024,Search & content,69145,452,643.3,12,1524.3
27-03-2024,Shopping,61554,255,178.7,7,893.7
28-03-2024,Audience,13365,41,21.6,0,0
28-03-2024,Performance max,1008,6,2.2,0,0
28-03-2024,Search & content,96345,466,619.4,23,3200.4
28-03-2024,Shopping,58308,229,174.6,5,876.7
29-03-2024,Audience,10999,47,24.6,2,479.5
29-03-2024,Performance max,769,4,6.5,0,0
29-03-2024,Search & content,48806,367,379.7,12,2179.5
29-03-2024,Shopping,64562,248,178.1,5,809.1
30-03-2024,Audience,7995,44,23.2,0,0
30-03-2024,Performance max,550,9,6.7,0,0
30-03-2024,Search & content,46870,398,409.6,5,815.9
30-03-2024,Shopping,47294,234,109.1,5,847.5
31-03-2024,Audience,5455,32,17.7,0,0
31-03-2024,Performance max,162,1,0.2,0,0
31-03-2024,Search & content,32798,323,399.3,3,435.7
31-03-2024,Shopping,38803,188,90.4,4,384.6
01-04-2024,Audience,11392,48,24.9,1,253.1
01-04-2024,Performance max,665,7,3,0,0
01-04-2024,Search & content,69157,434,602.5,15,2365.2
01-04-2024,Shopping,75104,256,177.5,6,1085.5
02-04-2024,Audience,7761,45,25.7,1,295.2
02-04-2024,Performance max,874,8,5.6,0,0
02-04-2024,Search & content,60656,412,683.9,12,2255.3
02-04-2024,Shopping,58136,262,181,8,955.3
03-04-2024,Audience,10687,53,26.9,1,206.5
03-04-2024,Performance max,819,6,1.9,3,285.8
03-04-2024,Search & content,118768,564,868.6,9,1557.3
03-04-2024,Shopping,68115,280,193.9,10,1989.9
04-04-2024,Audience,8616,47,24.5,0,0
04-04-2024,Performance max,472,6,2.7,0,0
04-04-2024,Search & content,130724,580,878.3,14,2084.3
04-04-2024,Shopping,57720,261,178.8,4,454.2
05-04-2024,Audience,12385,52,24.7,0,0
05-04-2024,Performance max,1208,10,5,0,0
05-04-2024,Search & content,115031,540,742.2,11,1827.5
05-04-2024,Shopping,59422,256,175.5,7,1287.2
06-04-2024,Audience,10489,54,25.8,0,0
06-04-2024,Performance max,1644,11,8.1,0,0
06-04-2024,Search & content,127894,680,599.6,7,1016.7
06-04-2024,Shopping,48667,256,130.2,7,1050.7
07-04-2024,Audience,7863,54,25.3,0,0
07-04-2024,Performance max,1611,8,5.4,0,0
07-04-2024,Search & content,115695,800,680.6,12,1373.1
07-04-2024,Shopping,35310,202,107,3,416.3
08-04-2024,Audience,7360,52,26.1,0,0
08-04-2024,Performance max,2056,24,24.2,1,100.3
08-04-2024,Search & content,106684,517,716.7,17,2537
08-04-2024,Shopping,74396,337,210.3,10,1862.7
09-04-2024,Audience,9792,48,24.4,0,0
09-04-2024,Performance max,655,2,0.8,0,0
09-04-2024,Search & content,79364,457,643.3,19,3600.8
09-04-2024,Shopping,70218,312,206.5,4,768.9
10-04-2024,Audience,8244,49,24.6,0,0
10-04-2024,Performance max,470,7,3.2,1,103
10-04-2024,Search & content,80732,491,734.1,15,2845.8
10-04-2024,Shopping,57968,256,183.2,9,1176.3
11-04-2024,Audience,8990,54,26.6,0,0
11-04-2024,Performance max,1002,7,3.2,0,0
11-04-2024,Search & content,104320,525,748.4,12,1929.7
11-04-2024,Shopping,66933,251,175.2,5,585.4
12-04-2024,Audience,12797,56,24.9,0,0
12-04-2024,Performance max,358,2,1.2,0,0
12-04-2024,Search & content,93247,482,855.2,12,1446.4
12-04-2024,Shopping,61066,256,176.3,7,813.8
13-04-2024,Audience,11412,52,24.9,0,0
13-04-2024,Performance max,330,3,1,0,0
13-04-2024,Search & content,66036,451,553.8,8,1544.7
13-04-2024,Shopping,47314,222,109.1,4,709.6
14-04-2024,Audience,6832,55,25.9,0,0
14-04-2024,Performance max,401,2,1.3,0,0
14-04-2024,Search & content,64748,464,542.2,9,1518.4
14-04-2024,Shopping,44756,212,107.9,4,412.9
15-04-2024,Audience,9611,52,24.1,0,0
15-04-2024,Performance max,907,9,5.3,0,0
15-04-2024,Search & content,111208,502,766.4,14,1897.4
15-04-2024,Shopping,57176,245,175.9,9,1256
16-04-2024,Audience,11105,60,24.5,0,0
16-04-2024,Performance max,1050,16,11.3,1,139.7
16-04-2024,Search & content,108833,502,806.9,18,3415.1
16-04-2024,Shopping,59052,255,176.5,9,1110.8
17-04-2024,Audience,8888,56,24.4,0,0
17-04-2024,Performance max,1155,14,10.8,0,0
17-04-2024,Search & content,106912,472,857.6,20,2795.1
17-04-2024,Shopping,56376,228,183.6,4,697.9
18-04-2024,Audience,8675,54,23.7,0,0
18-04-2024,Performance max,1352,21,19.6,2,184.4
18-04-2024,Search & content,109214,488,799.6,14,1845.7
18-04-2024,Shopping,61243,250,184.6,5,833.8
19-04-2024,Audience,8305,53,23.5,0,0
19-04-2024,Performance max,768,8,3.7,0,0
19-04-2024,Search & content,94802,488,893.3,11,1653.7
19-04-2024,Shopping,51296,231,151,6,1147.3
20-04-2024,Audience,9506,60,25.8,5,1347.8
20-04-2024,Performance max,99,1,0.1,0,0
20-04-2024,Search & content,59327,428,522.6,8,1421.3
20-04-2024,Shopping,30209,200,108.8,4,566.4
21-04-2024,Audience,9602,55,23.4,0,0
21-04-2024,Performance max,52,0,0,0,0
21-04-2024,Search & content,57424,460,535.7,5,873.2
21-04-2024,Shopping,33098,196,106.3,3,526.7
22-04-2024,Audience,6260,52,23.2,0,0
22-04-2024,Performance max,512,4,3,0,0
22-04-2024,Search & content,100517,500,730.9,8,1308.6
22-04-2024,Shopping,48074,238,175.1,5,829
23-04-2024,Audience,10837,55,23,0,0
23-04-2024,Performance max,573,8,6.4,1,102.3
23-04-2024,Search & content,102356,481,690.8,16,2120.7
23-04-2024,Shopping,40526,220,184.6,6,889.8
24-04-2024,Audience,10532,56,23,0,0
24-04-2024,Performance max,444,2,0.6,0,0
24-04-2024,Search & content,105677,549,873,21,2384.8
24-04-2024,Shopping,90600,281,287.9,7,778
25-04-2024,Audience,10089,60,23.3,0,0
25-04-2024,Performance max,673,8,3.8,0,0
25-04-2024,Search & content,98296,528,838.6,15,2388.5
25-04-2024,Shopping,93252,306,325.9,7,771.3
26-04-2024,Audience,9437,54,22.6,0,0
26-04-2024,Performance max,831,8,5,0,0
26-04-2024,Search & content,99174,544,740.8,8,1295.4
26-04-2024,Shopping,87768,296,287.5,8,1320.7
27-04-2024,Audience,8185,59,23.5,0,0
27-04-2024,Performance max,596,4,1.1,0,0
27-04-2024,Search & content,68232,508,518.8,4,598.5
27-04-2024,Shopping,39233,194,102.5,4,589.8
28-04-2024,Audience,7715,58,23.9,2,388.6
28-04-2024,Performance max,705,5,3.6,0,0
28-04-2024,Search & content,73004,565,643.5,4,714.8
28-04-2024,Shopping,40704,178,101.6,3,342.3
29-04-2024,Audience,8863,55,22.7,1,177.5
29-04-2024,Performance max,301,5,1.7,0,0
29-04-2024,Search & content,127312,676,1055.9,14,2646.5
29-04-2024,Shopping,62127,200,190.4,9,1408.1
30-04-2024,Audience,9105,50,20.2,0,0
30-04-2024,Performance max,721,6,2.4,0,0
30-04-2024,Search & content,126588,652,943.5,16,3341.9
30-04-2024,Shopping,60486,176,161,3,382.8
01-05-2024,Audience,8108,58,24.4,0,0
01-05-2024,Performance max,841,10,9.1,1,146.5
01-05-2024,Search & content,102326,544,759.7,12,1967.2
01-05-2024,Shopping,56604,236,173,11,2190.6
02-05-2024,Audience,10013,64,24.2,1,295.2
02-05-2024,Performance max,856,16,9.3,1,152.6
02-05-2024,Search & content,100564,555,677.8,7,1084.1
02-05-2024,Shopping,54621,228,172.6,8,872.5
03-05-2024,Audience,9034,61,24.3,1,231.2
03-05-2024,Performance max,796,8,4.8,0,0
03-05-2024,Search & content,82084,542,765.6,8,1189
03-05-2024,Shopping,54123,224,168,5,987.8
04-05-2024,Audience,10388,63,23.8,0,0
04-05-2024,Performance max,461,7,2.9,0,0
04-05-2024,Search & content,60426,557,548.2,4,628.2
04-05-2024,Shopping,34049,179,99.8,8,961.2
05-05-2024,Audience,7854,57,24,0,0
05-05-2024,Performance max,49,1,0.1,0,0
05-05-2024,Search & content,65141,592,601.7,4,826.1
05-05-2024,Shopping,36709,224,113.3,5,1010.7
06-05-2024,Audience,8530,64,24.3,0,0
06-05-2024,Performance max,540,2,1.1,0,0
06-05-2024,Search & content,107541,527,791.2,19,2394.6
06-05-2024,Shopping,53808,247,169.9,9,1810.3
07-05-2024,Audience,8881,60,24.1,0,0
07-05-2024,Performance max,274,3,1.1,0,0
07-05-2024,Search & content,91583,501,730.9,12,52.4
07-05-2024,Shopping,51016,224,170.6,4,702.3
08-05-2024,Audience,9162,65,25.3,0,0
08-05-2024,Performance max,267,4,1.2,1,152.4
08-05-2024,Search & content,95497,486,728.2,14,2334
08-05-2024,Shopping,39461,216,163.2,4,625.8
09-05-2024,Audience,11394,62,24,0,0
09-05-2024,Performance max,247,7,3,0,0
09-05-2024,Search & content,85248,433,714.6,12,1538.4
09-05-2024,Shopping,42793,220,167,9,1207.8
10-05-2024,Audience,10159,60,23.9,0,0
10-05-2024,Performance max,46423,880,157.3,1,150.1
10-05-2024,Search & content,77371,431,728.2,12,1596.1
10-05-2024,Shopping,56379,259,168.4,4,854.2
11-05-2024,Audience,11099,66,24.1,0,0
11-05-2024,Performance max,5856,140,24.4,4,507.5
11-05-2024,Search & content,46009,387,519.6,6,945.1
11-05-2024,Shopping,37685,228,129.4,4,497.9
12-05-2024,Audience,7778,68,23.9,0,0
12-05-2024,Performance max,485,7,4.6,0,0
12-05-2024,Search & content,47952,424,488.8,8,916.6
12-05-2024,Shopping,43120,254,128.3,4,827.7
13-05-2024,Audience,8062,63,23.7,0,0
13-05-2024,Performance max,6860,53,234.9,0,0
13-05-2024,Search & content,102076,482,688.8,17,247.3
13-05-2024,Shopping,82226,342,207.2,7,1121.8
14-05-2024,Audience,8982,68,23.9,0,0
14-05-2024,Performance max,7365,127,494.7,0,0
14-05-2024,Search & content,97466,461,761.8,16,747
14-05-2024,Shopping,72720,301,200,4,675.1
15-05-2024,Audience,6371,64,23.8,1,180.3
15-05-2024,Performance max,10738,165,350.6,0,0
15-05-2024,Search & content,87976,445,752.7,16,41
15-05-2024,Shopping,53201,246,172.1,7,118.1
16-05-2024,Audience,15318,80,23.9,0,0
16-05-2024,Performance max,13647,160,318.4,0,0
16-05-2024,Search & content,103114,446,676.8,11,1417.2
16-05-2024,Shopping,63129,240,179.8,4,478.8
17-05-2024,Audience,14311,75,23.6,0,0
17-05-2024,Performance max,3116,44,140.1,0,0
17-05-2024,Search & content,91271,376,643.7,11,1536
17-05-2024,Shopping,51960,231,174.3,3,420.4
18-05-2024,Audience,14268,76,23.8,0,0
18-05-2024,Performance max,1168,27,68.3,0,0
18-05-2024,Search & content,56690,352,473.5,3,423.8
18-05-2024,Shopping,33028,191,105.8,4,678.9
19-05-2024,Audience,14698,79,23.8,2,548
19-05-2024,Performance max,380,7,7,0,0
19-05-2024,Search & content,53040,335,425.1,1,123.9
19-05-2024,Shopping,28784,181,105.1,2,246.1
20-05-2024,Audience,18185,80,23.5,1,290.7
20-05-2024,Performance max,371,5,13.5,0,0
20-05-2024,Search & content,81788,363,727.6,20,687.2
20-05-2024,Shopping,51093,226,176.9,10,276
21-05-2024,Audience,21811,78,24,0,0
21-05-2024,Performance max,12564,107,225.4,0,0
21-05-2024,Search & content,77132,367,725.6,16,696
21-05-2024,Shopping,51826,228,175.4,1,157
22-05-2024,Audience,19835,80,23.7,0,0
22-05-2024,Performance max,12300,97,215,0,0
22-05-2024,Search & content,79175,431,762.7,20,881
22-05-2024,Shopping,46077,220,192.9,4,510
23-05-2024,Audience,17721,83,25.1,3,623.6
23-05-2024,Performance max,3921,37,52.2,0,0
23-05-2024,Search & content,85245,507,791.3,12,344.8
23-05-2024,Shopping,47987,211,161.9,2,254.4
24-05-2024,Audience,18056,76,23.1,0,0
24-05-2024,Performance max,765,19,27.4,1,140.8
24-05-2024,Search & content,69958,431,666.1,8,484.6
24-05-2024,Shopping,44707,208,183.7,7,203.3
25-05-2024,Audience,13278,77,22.9,1,276.2
25-05-2024,Performance max,576,20,11.3,0,0
25-05-2024,Search & content,49448,340,446.9,4,157.1
25-05-2024,Shopping,27106,160,99.3,2,337.7
26-05-2024,Audience,11093,76,22.3,1,276.3
26-05-2024,Performance max,9817,56,95.5,0,0
26-05-2024,Search & content,49355,379,537,4,144.5
26-05-2024,Shopping,26674,171,102.6,4,770.7
27-05-2024,Audience,10428,75,22.1,0,0
27-05-2024,Performance max,7981,44,66.6,0,0
27-05-2024,Search & content,51800,357,625.4,9,147.3
27-05-2024,Shopping,32656,211,188,5,717.2
28-05-2024,Audience,12981,76,22,0,0
28-05-2024,Performance max,1044,26,13.7,0,0
28-05-2024,Search & content,91789,431,687.1,16,707.5
28-05-2024,Shopping,37617,199,172.3,6,1164.5
29-05-2024,Audience,18347,83,21.9,0,0
29-05-2024,Performance max,780,29,12.2,1,137.4
29-05-2024,Search & content,90852,408,776.8,16,1351.1
29-05-2024,Shopping,45633,212,180.2,3,519.4
30-05-2024,Audience,18143,83,22.1,0,0
30-05-2024,Performance max,740,6,2.3,0,0
30-05-2024,Search & content,143088,414,733.8,13,2789.6
30-05-2024,Shopping,40421,219,206.5,7,2160.8
31-05-2024,Audience,19562,77,20.8,0,0
31-05-2024,Performance max,633,5,3.4,0,0
31-05-2024,Search & content,137589,372,618.1,14,4724.8
31-05-2024,Shopping,47665,224,164.6,4,286
01-06-2024,Audience,13444,89,24.5,0,0
01-06-2024,Performance max,1821,19,36.3,0,0
01-06-2024,Search & content,66925,367,470.2,6,798.1
01-06-2024,Shopping,31448,166,99.9,6,425.6
02-06-2024,Audience,13902,96,24.6,0,0
02-06-2024,Performance max,5536,79,101,1,60.8
02-06-2024,Search & content,59741,361,465.4,4,223.5
02-06-2024,Shopping,26642,173,102.4,4,203.3
03-06-2024,Audience,21966,95,24.7,1,95.4
03-06-2024,Performance max,7215,112,348.2,4,883.2
03-06-2024,Search & content,98916,424,801.3,17,2179.4
03-06-2024,Shopping,38842,198,182.8,8,2423.7
04-06-2024,Audience,18365,101,24.5,1,46.1
04-06-2024,Performance max,7874,106,352.6,0,0
04-06-2024,Search & content,118184,422,831,11,2132.5
04-06-2024,Shopping,42819,214,174.3,4,292.4
05-06-2024,Audience,17398,104,24.4,0,0
05-06-2024,Performance max,8790,128,213.5,5,989.8
05-06-2024,Search & content,108512,420,864.9,16,1906.7
05-06-2024,Shopping,46020,219,173.7,7,4474.5
06-06-2024,Audience,20048,100,24.6,1,8.7
06-06-2024,Performance max,13060,216,406.7,3,539.1
06-06-2024,Search & content,100591,382,706.5,15,2827.5
06-06-2024,Shopping,51494,210,191.9,10,835.2
07-06-2024,Audience,19237,100,24.6,2,309.7
07-06-2024,Performance max,14180,152,421.2,3,115.3
07-06-2024,Search & content,52093,343,748.3,13,2847.8
07-06-2024,Shopping,45484,197,167.8,4,344.5
08-06-2024,Audience,12486,101,24.8,0,0
08-06-2024,Performance max,7463,106,274.4,2,85.8
08-06-2024,Search & content,38372,260,340.8,3,207.3
08-06-2024,Shopping,28993,164,102.3,3,453.1
09-06-2024,Audience,11925,99,24.4,0,0
09-06-2024,Performance max,8974,150,315.3,1,107
09-06-2024,Search & content,38444,266,304.3,5,800.6
09-06-2024,Shopping,30626,180,106.9,4,193.2
10-06-2024,Audience,22436,106,24.9,0,0
10-06-2024,Performance max,9919,152,397.2,4,399
10-06-2024,Search & content,47460,279,529.2,12,1935.1
10-06-2024,Shopping,50996,190,170.7,4,87.6
11-06-2024,Audience,21536,104,24.6,0,0
11-06-2024,Performance max,5460,92,198.5,2,285.1
11-06-2024,Search & content,43606,325,501.4,12,2583.5
11-06-2024,Shopping,57909,236,179.9,8,83.8
12-06-2024,Audience,25116,105,24.7,0,0
12-06-2024,Performance max,4986,63,138,3,505.2
12-06-2024,Search & content,46431,336,519.6,9,1616.5
12-06-2024,Shopping,51972,193,166.5,8,549
13-06-2024,Audience,18212,103,24.9,1,183.2
13-06-2024,Performance max,7117,92,248.5,7,574.5
13-06-2024,Search & content,43792,299,440.1,17,3238.2
13-06-2024,Shopping,40397,208,177.1,4,210.8
14-06-2024,Audience,18472,102,24.4,4,0
14-06-2024,Performance max,4663,62,105,4,327.4
14-06-2024,Search & content,36380,322,487.4,7,738.3
14-06-2024,Shopping,33710,195,162.9,4,2118.7
15-06-2024,Audience,12756,100,24.3,0,0
15-06-2024,Performance max,3308,58,48.4,1,23
15-06-2024,Search & content,30452,268,336.9,5,786.2
15-06-2024,Shopping,24366,168,101.2,4,456.4
16-06-2024,Audience,14220,106,24.3,0,0
16-06-2024,Performance max,4048,55,70.6,0,0
16-06-2024,Search & content,30279,240,268.8,6,3966.6
16-06-2024,Shopping,25073,184,103.3,2,55.6
17-06-2024,Audience,25580,103,24.4,0,0
17-06-2024,Performance max,5076,60,68.1,4,578.1
17-06-2024,Search & content,41239,328,533.9,12,1797.3
17-06-2024,Shopping,32204,187,168.5,4,916.3
18-06-2024,Audience,18998,108,24.4,0,0
18-06-2024,Performance max,5215,77,139,5,792.9
18-06-2024,Search & content,62612,340,549.9,14,3100.4
18-06-2024,Shopping,42040,202,149.8,3,114.9
19-06-2024,Audience,19603,104,24.8,0,0
19-06-2024,Performance max,7968,104,168.2,4,655.5
19-06-2024,Search & content,61035,326,579.2,12,2557.7
19-06-2024,Shopping,39224,188,166.2,4,1.6
20-06-2024,Audience,28840,95,24.1,0,0
20-06-2024,Performance max,13496,160,262.7,10,2410.7
20-06-2024,Search & content,69374,271,403.8,12,1329.2
20-06-2024,Shopping,45666,216,156.4,3,150.7
21-06-2024,Audience,24177,100,24.5,0,0
21-06-2024,Performance max,11911,158,261.2,2,263.4
21-06-2024,Search & content,46240,276,310.6,3,285.8
21-06-2024,Shopping,44812,200,142.3,2,147.9
22-06-2024,Audience,16422,95,24.6,0,0
22-06-2024,Performance max,9525,132,163.2,1,207.7
22-06-2024,Search & content,39672,308,348.4,4,3384.1
22-06-2024,Shopping,26576,171,87.5,3,0.8
23-06-2024,Audience,13415,95,24.1,2,171.8
23-06-2024,Performance max,19110,161,310.1,1,32.3
23-06-2024,Search & content,36132,281,289.6,4,439.1
23-06-2024,Shopping,24056,157,82.8,1,61.5
24-06-2024,Audience,26400,92,24,0,0
24-06-2024,Performance max,16639,163,416.9,2,240
24-06-2024,Search & content,58413,435,620.9,20,4556.8
24-06-2024,Shopping,37779,211,155.2,4,844.7
25-06-2024,Audience,25036,92,23.6,0,0
25-06-2024,Performance max,13377,138,408.6,4,347.4
25-06-2024,Search & content,58496,362,504.8,8,2258.2
25-06-2024,Shopping,44424,234,189.3,2,480.1
26-06-2024,Audience,19861,125,24.9,1,236.5
26-06-2024,Performance max,24340,182,414.9,3,820.4
26-06-2024,Search & content,55744,307,528.1,17,3164.4
26-06-2024,Shopping,42356,211,160.9,4,1535.5
27-06-2024,Audience,24421,104,24.1,1,364
27-06-2024,Performance max,34624,244,410.9,4,211.2
27-06-2024,Search & content,42845,294,509.2,32,3191.6
27-06-2024,Shopping,48109,231,162.3,4,356.2
28-06-2024,Audience,20093,100,23.8,3,3799
28-06-2024,Performance max,33538,204,316.7,2,586.2
28-06-2024,Search & content,42671,264,501,6,1359.7
28-06-2024,Shopping,62469,237,163.6,2,615.5
29-06-2024,Audience,12720,104,23.4,0,0
29-06-2024,Performance max,29223,205,286,1,0
29-06-2024,Search & content,35324,270,285.9,1,297.7
29-06-2024,Shopping,29992,181,102.4,4,2321.1
30-06-2024,Audience,10018,115,22.1,0,0
30-06-2024,Performance max,40481,328,275.3,2,289.2
30-06-2024,Search & content,40731,269,201.8,7,400.7
30-06-2024,Shopping,22174,159,89,1,116.8
